rome,id,date_actualisation
D1401,204HTJJ,2026-09-22
D1401,206BYZW,2026-09-23
D1401,206WPPX,2026-09-15
D1401,208VSJC,2026-08-31
D1401,208WVWD,2026-09-28
D1401,209DXCG,2026-09-18
D1401,209HMNX,2026-09-15
D1401,209KWDV,2026-09-22
D1401,209QRGY,2026-09-03
D1401,209RCQM,2026-09-16
D1401,209RGQW,2026-07-17
D1401,209TBBJ,2026-07-17
D1401,209XCTG,2026-09-04
D1401,209YHQJ,2026-09-25
D1401,209ZYKY,2026-09-22
D1401,210JKMT,2026-09-28
D1401,210JRXX,2026-09-14
D1401,210NQTQ,2026-07-17
D1401,210NSRJ,2026-09-25
D1401,210QXMS,2026-09-15
D1401,210RKGD,2026-07-20
D1401,210RWNC,2026-07-20
D1401,210TFMS,2026-09-08
D1401,210YKBP,2026-07-17
D1401,211CBLN,2026-09-25
D1401,211DMHJ,2026-09-27
D1401,211FCYN,2026-09-18
D1401,211FQLX,2026-09-04
D1401,211GLSH,2026-09-14
D1401,211GMMY,2026-07-19
D1401,211GSBZ,2026-09-25
D1401,211GTTB,2026-09-22
D1401,211GXLL,2026-09-29
D1401,211JZCV,2026-07-20
D1401,211KYDZ,2026-09-17
D1401,211LMWS,2026-09-11
D1401,211LVKC,2026-09-18
D1401,211MQFX,2026-09-24
D1401,211STCM,2026-09-28
D1401,211TNKB,2026-09-28
D1401,211TQYH,2026-09-23
D1401,211VRBH,2026-09-22
D1401,211VVPX,2026-09-28
D1401,211VYNV,2026-09-21
D1401,211YDBH,2026-09-28
D1401,211YFFC,2026-09-28
D1401,211YFMP,2026-09-29
D1401,211YRXL,2026-09-23
D1401,212CJVK,2026-09-28
D1401,212CKLM,2026-09-23
D1401,212CXXK,2026-09-21
D1401,212DDSX,2026-09-16
D1401,212DWFC,2026-09-28
D1401,212HXHD,2026-09-16
D1401,212KFYL,2026-09-28
D1401,212LNVX,2026-09-18
D1401,212MYRT,2026-09-21
D1401,212PHFS,2026-09-22
D1401,212QNFG,2026-09-23
D1401,212QRSZ,2026-09-29
D1401,212QSSW,2026-09-21
D1401,212RCDB,2026-09-17
D1401,212RCNY,2026-09-28
D1401,212RQVB,2026-09-28
D1401,212SCPK,2026-09-25
D1401,212TMDW,2026-09-28
D1401,212VKLD,2026-09-15
D1401,212WSBN,2026-09-25
D1401,212WSJP,2026-09-25
D1401,212XRQW,2026-09-28
D1401,212YBHP,2026-09-23
D1401,212YDSH,2026-09-25
D1401,212YNMT,2026-09-21
D1401,212YNSH,2026-09-11
D1401,212YNYF,2026-09-11
D1401,212ZFRL,2026-09-24
D1401,212ZPSY,2026-09-23
D1401,212ZQWQ,2026-09-28
D1401,213BJZL,2026-09-28
D1401,213BNKW,2026-09-22
D1401,213BRFQ,2026-09-25
D1401,213CTGT,2026-09-28
D1401,213CZYD,2026-08-31
D1401,213DBLC,2026-09-25
D1401,213DBWC,2026-09-22
D1401,213DHGH,2026-09-25
D1401,213DHYD,2026-09-25
D1401,213DLHG,2026-09-16
D1401,213DSLF,2026-09-23
D1401,213DZCJ,2026-09-01
D1401,213FFDZ,2026-09-02
D1401,213FMDL,2026-09-01
D1401,213FMNB,2026-09-25
D1401,213FMRF,2026-09-28
D1401,213FSMJ,2026-09-21
D1401,213FVDD,2026-09-17
D1401,213GBCQ,2026-09-28
D1401,213GBKX,2026-09-17
D1401,213GBRV,2026-09-17
D1401,213GMBZ,2026-09-07
D1401,213GVWQ,2026-09-29
D1401,213GWYP,2026-09-23
D1401,213GXLS,2026-09-18
D1401,213HHHQ,2026-09-18
D1401,213HJKX,2026-09-28
D1401,213HYWN,2026-09-04
D1401,213JCSZ,2026-09-03
D1401,213JDTG,2026-09-03
D1401,213JFTW,2026-09-17
D1401,213JFZJ,2026-09-21
D1401,213JHHC,2026-09-24
D1401,213JKGC,2026-09-03
D1401,213JPXS,2026-09-23
D1401,213JRPX,2026-09-28
D1401,213JSFY,2026-09-21
D1401,213JVJS,2026-09-21
D1401,213JXSK,2026-09-04
D1401,213KCCV,2026-09-04
D1401,213KDRL,2026-09-28
D1401,213KHVJ,2026-09-04
D1401,213KLVY,2026-09-20
D1401,213KMDX,2026-09-16
D1401,213KPHY,2026-09-20
D1401,213KQJM,2026-09-20
D1401,213KYKS,2026-09-04
D1401,213LCCM,2026-09-08
D1401,213LCPB,2026-09-28
D1401,213LCRS,2026-09-23
D1401,213LCWM,2026-09-21
D1401,213LFMW,2026-09-15
D1401,213LFNJ,2026-09-25
D1401,213LHZM,2026-09-20
D1401,213LMLY,2026-09-04
D1401,213LSNQ,2026-09-28
D1401,213LTNJ,2026-09-23
D1401,213LWFS,2026-09-23
D1401,213LXVL,2026-09-23
D1401,213LYVZ,2026-09-21
D1401,213MGCJ,2026-09-08
D1401,213MHNT,2026-09-21
D1401,213MJLR,2026-09-07
D1401,213MLCG,2026-09-21
D1401,213MMLD,2026-09-17
D1401,213MNHG,2026-09-07
D1401,213MRMM,2026-09-22
D1401,213MSKX,2026-09-23
D1401,213MTHG,2026-09-07
D1401,213MVXQ,2026-09-23
D1401,213MWHY,2026-09-07
D1401,213MWNB,2026-09-23
D1401,213MXCD,2026-09-28
D1401,213MZDK,2026-09-23
D1401,213MZMD,2026-09-28
D1401,213NBML,2026-09-08
D1401,213NDST,2026-09-24
D1401,213NDTP,2026-09-24
D1401,213NDXJ,2026-09-25
D1401,213NDXT,2026-09-25
D1401,213NDYR,2026-09-22
D1401,213NDZP,2026-09-29
D1401,213NJZQ,2026-09-24
D1401,213NLLZ,2026-09-09
D1401,213NNHF,2026-09-24
D1401,213NNKY,2026-09-08
D1401,213NPCH,2026-09-08
D1401,213NSJH,2026-09-24
D1401,213NSPT,2026-09-22
D1401,213NSRQ,2026-09-28
D1401,213NVSP,2026-09-24
D1401,213NVSR,2026-09-24
D1401,213NVSS,2026-09-24
D1401,213NXQL,2026-09-16
D1401,213NZLG,2026-09-08
D1401,213PBPX,2026-09-08
D1401,213PDMB,2026-09-08
D1401,213PDPG,2026-09-21
D1401,213PGLL,2026-09-25
D1401,213PJLQ,2026-09-28
D1401,213PJTK,2026-09-24
D1401,213PKKM,2026-09-24
D1401,213PMGZ,2026-09-09
D1401,213PNQR,2026-09-24
D1401,213PNTR,2026-09-25
D1401,213PRNB,2026-09-21
D1401,213PTGC,2026-09-23
D1401,213PTYD,2026-09-23
D1401,213PVRY,2026-09-10
D1401,213PXXC,2026-09-09
D1401,213PYKK,2026-09-11
D1401,213PYSM,2026-09-25
D1401,213PZQL,2026-09-28
D1401,213QBNX,2026-09-23
D1401,213QDSB,2026-09-09
D1401,213QKMH,2026-09-25
D1401,213QLKP,2026-09-10
D1401,213QLTW,2026-09-10
D1401,213QLWL,2026-09-25
D1401,213QPRX,2026-09-28
D1401,213QQMV,2026-09-09
D1401,213QRLT,2026-09-25
D1401,213QRPV,2026-09-10
D1401,213QTSM,2026-09-10
D1401,213QVTV,2026-09-10
D1401,213QXZT,2026-09-22
D1401,213QZRZ,2026-09-25
D1401,213RFHY,2026-09-10
D1401,213RGFH,2026-09-22
D1401,213RHZH,2026-09-26
D1401,213RKJF,2026-09-26
D1401,213RKLF,2026-09-10
D1401,213RKRT,2026-09-11
D1401,213RLQC,2026-09-23
D1401,213RMZN,2026-09-26
D1401,213RNHN,2026-09-25
D1401,213RPHQ,2026-09-10
D1401,213RQHM,2026-09-17
D1401,213RQZD,2026-09-10
D1401,213RRDP,2026-09-21
D1401,213RRSD,2026-09-22
D1401,213RVDS,2026-09-26
D1401,213RYLB,2026-09-26
D1401,213RZGC,2026-09-28
D1401,213RZZZ,2026-09-15
D1401,213SCDG,2026-09-26
D1401,213SGVG,2026-09-16
D1401,213SGZD,2026-09-10
D1401,213SRQV,2026-09-21
D1401,213SVXP,2026-09-11
D1401,213SZDQ,2026-09-21
D1401,213SZKP,2026-09-22
D1401,213TCBG,2026-09-25
D1401,213TFNT,2026-09-28
D1401,213TJPT,2026-09-27
D1401,213TLBL,2026-09-14
D1401,213TMGG,2026-09-14
D1401,213TMHN,2026-09-14
D1401,213TMJR,2026-09-23
D1401,213TPPY,2026-09-18
D1401,213TTBT,2026-09-27
D1401,213TVGS,2026-09-21
D1401,213TZQH,2026-09-14
D1401,213VGFN,2026-09-14
D1401,213VGRY,2026-09-29
D1401,213VGSJ,2026-09-14
D1401,213VKDM,2026-09-15
D1401,213VKTG,2026-09-21
D1401,213VLTN,2026-09-14
D1401,213VPQQ,2026-09-14
D1401,213VQDC,2026-09-14
D1401,213VQZX,2026-09-15
D1401,213VRHL,2026-09-14
D1401,213VRZY,2026-09-14
D1401,213VSBH,2026-09-14
D1401,213VSGY,2026-09-14
D1401,213VWJH,2026-09-28
D1401,213VZLB,2026-09-14
D1401,213WBKB,2026-09-16
D1401,213WDLG,2026-09-22
D1401,213WDSM,2026-09-15
D1401,213WDWB,2026-09-15
D1401,213WFVF,2026-09-16
D1401,213WFWF,2026-09-28
D1401,213WGRB,2026-09-28
D1401,213WGSZ,2026-09-22
D1401,213WJBY,2026-09-14
D1401,213WJNG,2026-09-28
D1401,213WNFY,2026-09-15
D1401,213WRBJ,2026-09-23
D1401,213WRRM,2026-09-25
D1401,213WVGN,2026-09-15
D1401,213WVGW,2026-09-15
D1401,213WWJS,2026-09-16
D1401,213WYCW,2026-09-15
D1401,213XDFK,2026-09-21
D1401,213XDKR,2026-09-16
D1401,213XDTH,2026-09-15
D1401,213XGVW,2026-09-15
D1401,213XGYW,2026-09-16
D1401,213XHJM,2026-09-15
D1401,213XHLW,2026-09-15
D1401,213XJSD,2026-09-15
D1401,213XKMJ,2026-09-15
D1401,213XMKW,2026-09-22
D1401,213XPDR,2026-09-15
D1401,213XPMZ,2026-09-17
D1401,213XPVG,2026-09-18
D1401,213XQFY,2026-09-23
D1401,213XQLM,2026-09-17
D1401,213XRLY,2026-09-15
D1401,213XSCC,2026-09-16
D1401,213XSFN,2026-09-16
D1401,213XTVM,2026-09-16
D1401,213XTZS,2026-09-16
D1401,213XVQR,2026-09-24
D1401,213XXQZ,2026-09-28
D1401,213XYKX,2026-09-17
D1401,213XYVF,2026-09-16
D1401,213YGSS,2026-09-16
D1401,213YGYS,2026-09-18
D1401,213YHHD,2026-09-16
D1401,213YHNK,2026-09-16
D1401,213YHVB,2026-09-18
D1401,213YKHT,2026-09-16
D1401,213YLZJ,2026-09-16
D1401,213YNTD,2026-09-29
D1401,213YNWR,2026-09-16
D1401,213YNZW,2026-09-16
D1401,213YRXV,2026-09-24
D1401,213YSKK,2026-09-23
D1401,213YSZL,2026-09-25
D1401,213YTVQ,2026-09-16
D1401,213YVGK,2026-09-17
D1401,213YVLH,2026-09-22
D1401,213YVRP,2026-09-18
D1401,213YXLC,2026-09-21
D1401,213YYCB,2026-09-16
D1401,213YYYG,2026-09-17
D1401,213YZNX,2026-09-17
D1401,213YZZJ,2026-09-23
D1401,213ZCMK,2026-09-17
D1401,213ZCVT,2026-09-17
D1401,213ZGLS,2026-09-18
D1401,213ZHHL,2026-09-17
D1401,213ZHXD,2026-09-17
D1401,213ZLDP,2026-09-17
D1401,213ZMBG,2026-09-25
D1401,213ZMBX,2026-09-17
D1401,213ZMHX,2026-09-17
D1401,213ZMMD,2026-09-17
D1401,213ZNYY,2026-09-29
D1401,213ZPSW,2026-09-17
D1401,213ZQBX,2026-09-28
D1401,213ZTQW,2026-09-17
D1401,213ZVLZ,2026-09-18
D1401,213ZVNZ,2026-09-25
D1401,213ZVWS,2026-09-18
D1401,213ZWXD,2026-09-23
D1401,213ZXPR,2026-09-28
D1401,213ZXTG,2026-09-17
D1401,213ZYCQ,2026-09-25
D1401,213ZYDS,2026-09-17
D1401,214BBYJ,2026-09-17
D1401,214BCNK,2026-09-17
D1401,214BCTM,2026-09-18
D1401,214BDGY,2026-09-18
D1401,214BDNR,2026-09-17
D1401,214BDSS,2026-09-18
D1401,214BDVG,2026-09-18
D1401,214BDXZ,2026-09-22
D1401,214BGCM,2026-09-18
D1401,214BGLV,2026-09-18
D1401,214BHJR,2026-09-18
D1401,214BJWS,2026-09-21
D1401,214BLCL,2026-09-18
D1401,214BNDN,2026-09-18
D1401,214BPSV,2026-09-28
D1401,214BQLR,2026-09-18
D1401,214BQMC,2026-09-18
D1401,214BSQC,2026-09-28
D1401,214BSTY,2026-09-18
D1401,214BXWK,2026-09-18
D1401,214BZHP,2026-09-24
D1401,214BZZT,2026-09-23
D1401,214CBBH,2026-09-25
D1401,214CCFV,2026-09-18
D1401,214CCRN,2026-09-22
D1401,214CDQS,2026-09-18
D1401,214CFGL,2026-09-22
D1401,214CGHG,2026-09-18
D1401,214CGKC,2026-09-22
D1401,214CGRL,2026-09-29
D1401,214CJDK,2026-09-25
D1401,214CJTT,2026-09-18
D1401,214CKQW,2026-09-18
D1401,214CLRJ,2026-09-18
D1401,214CLWD,2026-09-18
D1401,214CMBT,2026-09-21
D1401,214CNDW,2026-09-18
D1401,214CNFQ,2026-09-21
D1401,214CNQN,2026-09-21
D1401,214CPFQ,2026-09-18
D1401,214CRBR,2026-09-21
D1401,214CRJB,2026-09-21
D1401,214CRQF,2026-09-21
D1401,214CSVJ,2026-09-21
D1401,214CSWG,2026-09-25
D1401,214CTQW,2026-09-22
D1401,214CTWY,2026-09-21
D1401,214CVBG,2026-09-22
D1401,214CWBW,2026-09-21
D1401,214CWCJ,2026-09-22
D1401,214CWXT,2026-09-29
D1401,214CZBR,2026-09-21
D1401,214CZKV,2026-09-21
D1401,214DDNH,2026-09-21
D1401,214DGLK,2026-09-21
D1401,214DGSZ,2026-09-21
D1401,214DJDZ,2026-09-25
D1401,214DJMV,2026-09-22
D1401,214DKBF,2026-09-21
D1401,214DLPR,2026-09-22
D1401,214DNHN,2026-09-21
D1401,214DPFS,2026-09-21
D1401,214DQSM,2026-09-22
D1401,214DRYZ,2026-09-29
D1401,214DSDG,2026-09-21
D1401,214DSZC,2026-09-21
D1401,214DSZN,2026-09-21
D1401,214DTDB,2026-09-21
D1401,214DTYD,2026-09-21
D1401,214DVVV,2026-09-22
D1401,214DWGX,2026-09-28
D1401,214DWYV,2026-09-28
D1401,214DXDC,2026-09-21
D1401,214DXJB,2026-09-22
D1401,214DXKB,2026-09-28
D1401,214DYJK,2026-09-25
D1401,214FBSF,2026-09-25
D1401,214FCWV,2026-09-21
D1401,214FGCJ,2026-09-22
D1401,214FGMR,2026-09-22
D1401,214FGQD,2026-09-25
D1401,214FGVZ,2026-09-22
D1401,214FJDC,2026-09-22
D1401,214FLBW,2026-09-22
D1401,214FQJT,2026-09-23
D1401,214FQSN,2026-09-22
D1401,214FQZH,2026-09-22
D1401,214FQZS,2026-09-22
D1401,214FRKZ,2026-09-22
D1401,214FWBP,2026-09-22
D1401,214FYNS,2026-09-22
D1401,214FZYJ,2026-09-23
D1401,214GBTD,2026-09-22
D1401,214GCCT,2026-09-28
D1401,214GFVD,2026-09-23
D1401,214GFXS,2026-09-22
D1401,214GGBG,2026-09-22
D1401,214GGRZ,2026-09-23
D1401,214GGZX,2026-09-24
D1401,214GJNK,2026-09-29
D1401,214GJTB,2026-09-22
D1401,214GKBJ,2026-09-22
D1401,214GKHJ,2026-09-28
D1401,214GKJF,2026-09-23
D1401,214GKXV,2026-09-22
D1401,214GLCG,2026-09-23
D1401,214GMKT,2026-09-23
D1401,214GMWH,2026-09-23
D1401,214GMWY,2026-09-23
D1401,214GNDN,2026-09-22
D1401,214GNRQ,2026-09-24
D1401,214GNRX,2026-09-28
D1401,214GNXL,2026-09-23
D1401,214GPFL,2026-09-23
D1401,214GPYL,2026-09-22
D1401,214GQDZ,2026-09-23
D1401,214GQJL,2026-09-22
D1401,214GQSL,2026-09-23
D1401,214GRHZ,2026-09-25
D1401,214GSSN,2026-09-23
D1401,214GTNK,2026-09-24
D1401,214GVPM,2026-09-24
D1401,214GXBY,2026-09-23
D1401,214GXJG,2026-09-24
D1401,214GYJZ,2026-09-28
D1401,214GYMP,2026-09-23
D1401,214GYVQ,2026-09-23
D1401,214GYWF,2026-09-23
D1401,214GYYH,2026-09-23
D1401,214GZMX,2026-09-23
D1401,214HCXL,2026-09-23
D1401,214HCYX,2026-09-23
D1401,214HDXW,2026-09-23
D1401,214HFWW,2026-09-23
D1401,214HGLW,2026-09-23
D1401,214HLRC,2026-09-23
D1401,214HLTK,2026-09-23
D1401,214HLZN,2026-09-23
D1401,214HMKB,2026-09-23
D1401,214HMQK,2026-09-23
D1401,214HNQB,2026-09-23
D1401,214HNRY,2026-09-23
D1401,214HPSM,2026-09-23
D1401,214HPVM,2026-09-23
D1401,214HQKC,2026-09-23
D1401,214HSPD,2026-09-23
D1401,214HTSZ,2026-09-24
D1401,214HVFV,2026-09-23
D1401,214HVLX,2026-09-28
D1401,214HWHB,2026-09-24
D1401,214HXCV,2026-09-25
D1401,214HYWQ,2026-09-28
D1401,214HZVZ,2026-09-24
D1401,214JBNJ,2026-09-24
D1401,214JCDX,2026-09-24
D1401,214JCRQ,2026-09-24
D1401,214JGBW,2026-09-24
D1401,214JGGM,2026-09-29
D1401,214JHGT,2026-09-24
D1401,214JJGZ,2026-09-24
D1401,214JJVW,2026-09-24
D1401,214JKYD,2026-09-24
D1401,214JLKD,2026-09-25
D1401,214JMLD,2026-09-24
D1401,214JPZQ,2026-09-25
D1401,214JRSB,2026-09-24
D1401,214JTQZ,2026-09-24
D1401,214JVDV,2026-09-25
D1401,214JVGG,2026-09-28
D1401,214JVJM,2026-09-24
D1401,214JWXW,2026-09-24
D1401,214JXNZ,2026-09-29
D1401,214JXWZ,2026-09-25
D1401,214JYLC,2026-09-24
D1401,214JYTY,2026-09-25
D1401,214KCBL,2026-09-28
D1401,214KDBQ,2026-09-29
D1401,214KDFS,2026-09-25
D1401,214KFDV,2026-09-25
D1401,214KGBP,2026-09-25
D1401,214KGQL,2026-09-25
D1401,214KHSW,2026-09-25
D1401,214KJBX,2026-09-25
D1401,214KKMZ,2026-09-25
D1401,214KLBY,2026-09-25
D1401,214KLMG,2026-09-25
D1401,214KLQS,2026-09-25
D1401,214KMHR,2026-09-25
D1401,214KNDF,2026-09-25
D1401,214KNYD,2026-09-25
D1401,214KPZR,2026-09-28
D1401,214KQPV,2026-09-25
D1401,214KRZX,2026-09-28
D1401,214KSFP,2026-09-25
D1401,214KSMF,2026-09-28
D1401,214KTHV,2026-09-28
D1401,214KTSK,2026-09-28
D1401,214KVTT,2026-09-28
D1401,214KWLF,2026-09-28
D1401,214KYVX,2026-09-28
D1401,214LBGF,2026-09-25
D1401,214LBHW,2026-09-25
D1401,214LBYV,2026-09-29
D1401,214LDHD,2026-09-25
D1401,214LDPQ,2026-09-28
D1401,214LFHK,2026-09-25
D1401,214LHQB,2026-09-28
D1401,214LJMK,2026-09-25
D1401,214LKGG,2026-09-28
D1401,214LLKD,2026-09-26
D1401,214LMJV,2026-09-28
D1401,214LNYK,2026-09-28
D1401,214LPYM,2026-09-29
D1401,214LPZK,2026-09-28
D1401,214LRMK,2026-09-28
D1401,214LRRK,2026-09-28
D1401,214LSBD,2026-09-28
D1401,214LSXY,2026-09-28
D1401,214LTNS,2026-09-28
D1401,214LTTN,2026-09-28
D1401,214LTTQ,2026-09-28
D1401,214LTYQ,2026-09-28
D1401,214LVKC,2026-09-28
D1401,214LVXQ,2026-09-28
D1401,214LWPX,2026-09-28
D1401,214LZTR,2026-09-28
D1401,214LZXW,2026-09-28
D1401,214MBNH,2026-09-29
D1401,214MBVT,2026-09-28
D1401,214MBWW,2026-09-28
D1401,214MBXH,2026-09-28
D1401,214MDSB,2026-09-28
D1401,214MDVZ,2026-09-28
D1401,214MFPQ,2026-09-28
D1401,214MGDV,2026-09-28
D1401,214MGJR,2026-09-28
D1401,214MGXL,2026-09-29
D1401,214MHDM,2026-09-28
D1401,214MJJN,2026-09-28
D1401,214MKJG,2026-09-28
D1401,214MLJR,2026-09-28
D1401,214MLJS,2026-09-28
D1401,214MLTY,2026-09-28
D1401,214MNRF,2026-09-29
D1401,214MQSG,2026-09-29
D1401,214MRKZ,2026-09-29
D1401,214MRVR,2026-09-29
D1401,214MRWD,2026-09-28
D1401,214MRYT,2026-09-28
D1401,214MSBG,2026-09-28
D1401,214MSCJ,2026-09-29
D1401,214MSYP,2026-09-28
D1401,214MTFH,2026-09-28
D1401,214MVGF,2026-09-29
D1401,214MVQG,2026-09-28
D1401,214MYFY,2026-09-29
D1401,214MYNR,2026-09-29
D1401,214NBBP,2026-09-29
D1401,214NBNV,2026-09-29
D1401,214NBSK,2026-09-29
D1401,214NCHW,2026-09-29
D1401,214NFBD,2026-09-29
D1401,214NFDN,2026-09-29
D1401,214NFST,2026-09-29
D1401,6117253,2026-09-11
D1401,6117261,2026-09-11
D1401,6141404,2026-08-21
D1401,6142154,2026-08-20
D1401,6169460,2026-08-21
D1401,6180732,2026-08-24
D1401,6206216,2026-08-22
D1401,6222077,2026-08-28
D1401,6231516,2026-08-26
D1401,6239534,2026-08-25
D1401,6276761,2026-08-25
D1401,6276762,2026-08-25
D1401,6278401,2026-08-26
D1401,6278416,2026-08-26
D1401,6308156,2026-09-02
D1401,6319082,2026-08-27
D1401,6319108,2026-08-27
D1401,6319131,2026-08-27
D1401,6326447,2026-09-26
D1401,6344738,2026-08-27
D1401,6355105,2026-08-28
D1401,6355170,2026-08-29
D1401,6358706,2026-08-28
D1401,6377501,2026-08-28
D1401,6395115,2026-08-29
D1401,6395152,2026-08-29
D1401,6414030,2026-08-29
D1401,6414039,2026-08-29
D1401,6419944,2026-08-29
D1401,6433816,2026-09-17
D1401,6444772,2026-08-31
D1401,6444777,2026-08-31
D1401,6444779,2026-08-31
D1401,6444780,2026-08-31
D1401,6444787,2026-08-31
D1401,6444803,2026-08-31
D1401,6444807,2026-08-31
D1401,6444814,2026-08-31
D1401,6444820,2026-08-31
D1401,6444842,2026-08-31
D1401,6444845,2026-08-31
D1401,6444853,2026-08-31
D1401,6444872,2026-08-31
D1401,6444876,2026-09-08
D1401,6460147,2026-09-01
D1401,6467105,2026-08-31
D1401,6468325,2026-09-01
D1401,6468370,2026-09-01
D1401,6495561,2026-09-01
D1401,6495901,2026-09-28
D1401,6497402,2026-09-01
D1401,6497679,2026-09-01
D1401,6500107,2026-09-01
D1401,6500918,2026-09-02
D1401,6504018,2026-09-20
D1401,6504350,2026-09-25
D1401,6507119,2026-09-02
D1401,6507331,2026-09-02
D1401,6511114,2026-09-02
D1401,6517560,2026-09-02
D1401,6522727,2026-09-02
D1401,6528564,2026-09-02
D1401,6528809,2026-09-04
D1401,6529155,2026-09-02
D1401,6532448,2026-09-08
D1401,6534469,2026-09-03
D1401,6534615,2026-09-03
D1401,6534818,2026-09-03
D1401,6535457,2026-09-29
D1401,6536816,2026-09-26
D1401,6575794,2026-09-03
D1401,6579844,2026-09-03
D1401,6579922,2026-09-03
D1401,6588691,2026-09-03
D1401,6590086,2026-09-04
D1401,6590292,2026-09-04
D1401,6590790,2026-09-04
D1401,6595312,2026-09-27
D1401,6596670,2026-09-04
D1401,6596739,2026-09-04
D1401,6596924,2026-09-04
D1401,6597597,2026-09-29
D1401,6598520,2026-09-10
D1401,6627769,2026-09-28
D1401,6629827,2026-09-04
D1401,6636786,2026-09-04
D1401,6637513,2026-09-05
D1401,6639298,2026-09-28
D1401,6639396,2026-09-28
D1401,6640640,2026-09-29
D1401,6641424,2026-09-28
D1401,6644198,2026-09-05
D1401,6666146,2026-09-08
D1401,6667402,2026-09-05
D1401,6667609,2026-09-05
D1401,6668538,2026-09-05
D1401,6671646,2026-09-05
D1401,6672826,2026-09-18
D1401,6676581,2026-09-06
D1401,6686694,2026-09-07
D1401,6692150,2026-09-08
D1401,6692437,2026-09-08
D1401,6694859,2026-09-07
D1401,6695431,2026-09-07
D1401,6695482,2026-09-07
D1401,6697175,2026-09-07
D1401,6697365,2026-09-07
D1401,6697377,2026-09-07
D1401,6697496,2026-09-07
D1401,6698756,2026-09-08
D1401,6698757,2026-09-08
D1401,6698996,2026-09-08
D1401,6699076,2026-09-08
D1401,6703734,2026-09-08
D1401,6705444,2026-09-19
D1401,6706238,2026-09-08
D1401,6706840,2026-09-29
D1401,6707316,2026-09-10
D1401,6707334,2026-09-08
D1401,6711359,2026-09-29
D1401,6728286,2026-09-09
D1401,6728292,2026-09-08
D1401,6729477,2026-09-08
D1401,6730273,2026-09-08
D1401,6730496,2026-09-08
D1401,6731079,2026-09-08
D1401,6731643,2026-09-08
D1401,6731914,2026-09-08
D1401,6732650,2026-09-08
D1401,6732908,2026-09-08
D1401,6733479,2026-09-08
D1401,6735616,2026-09-08
D1401,6738709,2026-09-09
D1401,6739774,2026-09-09
D1401,6739859,2026-09-09
D1401,6740760,2026-09-18
D1401,6743524,2026-09-18
D1401,6743603,2026-09-18
D1401,6743713,2026-09-21
D1401,6743976,2026-09-21
D1401,6744261,2026-09-18
D1401,6744828,2026-09-18
D1401,6745940,2026-09-18
D1401,6746150,2026-09-21
D1401,6746647,2026-09-19
D1401,6747087,2026-09-19
D1401,6747573,2026-09-09
D1401,6749218,2026-09-09
D1401,6749226,2026-09-09
D1401,6749227,2026-09-09
D1401,6749230,2026-09-09
D1401,6749237,2026-09-09
D1401,6753212,2026-09-09
D1401,6766545,2026-09-09
D1401,6768843,2026-09-09
D1401,6769643,2026-09-09
D1401,6772730,2026-09-09
D1401,6772903,2026-09-09
D1401,6772999,2026-09-09
D1401,6773236,2026-09-09
D1401,6774985,2026-09-28
D1401,6775315,2026-09-09
D1401,6776993,2026-09-10
D1401,6779891,2026-09-10
D1401,6796635,2026-09-29
D1401,6799856,2026-09-10
D1401,6803003,2026-09-10
D1401,6805545,2026-09-10
D1401,6805686,2026-09-10
D1401,6806945,2026-09-11
D1401,6806966,2026-09-11
D1401,6807005,2026-09-11
D1401,6807079,2026-09-11
D1401,6808514,2026-09-11
D1401,6809640,2026-09-11
D1401,6810269,2026-09-29
D1401,6810860,2026-09-23
D1401,6811135,2026-09-11
D1401,6811158,2026-09-28
D1401,6825200,2026-09-12
D1401,6825586,2026-09-12
D1401,6826227,2026-09-11
D1401,6826942,2026-09-11
D1401,6827337,2026-09-11
D1401,6827932,2026-09-11
D1401,6828487,2026-09-11
D1401,6830432,2026-09-11
D1401,6831261,2026-09-12
D1401,6846477,2026-09-12
D1401,6846785,2026-09-12
D1401,6847877,2026-09-12
D1401,6849992,2026-09-12
D1401,6850109,2026-09-12
D1401,6857250,2026-09-13
D1401,6862813,2026-09-15
D1401,6862891,2026-09-15
D1401,6863223,2026-09-14
D1401,6881762,2026-09-15
D1401,6881806,2026-09-15
D1401,6882053,2026-09-15
D1401,6883816,2026-09-15
D1401,6885352,2026-09-15
D1401,6894039,2026-09-18
D1401,6894661,2026-09-15
D1401,6894664,2026-09-15
D1401,6895809,2026-09-15
D1401,6895811,2026-09-15
D1401,6895836,2026-09-15
D1401,6896648,2026-09-15
D1401,6897483,2026-09-15
D1401,6897521,2026-09-15
D1401,6897700,2026-09-15
D1401,6899646,2026-09-15
D1401,6907465,2026-09-15
D1401,6907496,2026-09-15
D1401,6910236,2026-09-16
D1401,6927348,2026-09-16
D1401,6929415,2026-09-16
D1401,6929429,2026-09-16
D1401,6930024,2026-09-16
D1401,6930199,2026-09-16
D1401,6930641,2026-09-16
D1401,6931342,2026-09-16
D1401,6932523,2026-09-16
D1401,6932807,2026-09-16
D1401,6935181,2026-09-16
D1401,6935340,2026-09-16
D1401,6936135,2026-09-16
D1401,6944021,2026-09-17
D1401,6944025,2026-09-17
D1401,6944028,2026-09-17
D1401,6944098,2026-09-17
D1401,6944116,2026-09-17
D1401,6944119,2026-09-17
D1401,6944120,2026-09-17
D1401,6944174,2026-09-17
D1401,6944193,2026-09-17
D1401,6944216,2026-09-17
D1401,6944221,2026-09-17
D1401,6944230,2026-09-17
D1401,6944236,2026-09-17
D1401,6944243,2026-09-17
D1401,6944247,2026-09-17
D1401,6944265,2026-09-17
D1401,6944272,2026-09-17
D1401,6944274,2026-09-17
D1401,6944280,2026-09-17
D1401,6944286,2026-09-17
D1401,6944296,2026-09-17
D1401,6944297,2026-09-17
D1401,6944309,2026-09-17
D1401,6944310,2026-09-17
D1401,6944318,2026-09-17
D1401,6944321,2026-09-17
D1401,6944333,2026-09-17
D1401,6944367,2026-09-17
D1401,6944381,2026-09-17
D1401,6944390,2026-09-17
D1401,6944490,2026-09-17
D1401,6944818,2026-09-17
D1401,6944892,2026-09-17
D1401,6946611,2026-09-17
D1401,6946831,2026-09-17
D1401,6947401,2026-09-17
D1401,6963675,2026-09-18
D1401,6963790,2026-09-17
D1401,6964068,2026-09-17
D1401,6965234,2026-09-17
D1401,6966605,2026-09-17
D1401,6967558,2026-09-17
D1401,6969390,2026-09-18
D1401,6971719,2026-09-22
D1401,6972695,2026-09-29
D1401,6986518,2026-09-18
D1401,6986535,2026-09-18
D1401,6986537,2026-09-18
D1401,6986552,2026-09-18
D1401,6986595,2026-09-20
D1401,6986618,2026-09-20
D1401,6986636,2026-09-20
D1401,6986642,2026-09-20
D1401,6986655,2026-09-20
D1401,6987188,2026-09-18
D1401,6988069,2026-09-18
D1401,6988079,2026-09-18
D1401,6988926,2026-09-18
D1401,6989866,2026-09-18
D1401,6989885,2026-09-18
D1401,6994220,2026-09-18
D1401,6994326,2026-09-18
D1401,6994725,2026-09-18
D1401,6995019,2026-09-18
D1401,6995255,2026-09-18
D1401,6995297,2026-09-18
D1401,6995360,2026-09-18
D1401,6995465,2026-09-18
D1401,6996483,2026-09-23
D1401,6997772,2026-09-18
D1401,6998195,2026-09-18
D1401,7002265,2026-09-18
D1401,7005053,2026-09-18
D1401,7005216,2026-09-18
D1401,7005275,2026-09-18
D1401,7005306,2026-09-18
D1401,7005362,2026-09-18
D1401,7006014,2026-09-18
D1401,7015046,2026-09-19
D1401,7015246,2026-09-19
D1401,7015348,2026-09-19
D1401,7031044,2026-09-19
D1401,7031082,2026-09-19
D1401,7031110,2026-09-19
D1401,7031260,2026-09-19
D1401,7031347,2026-09-19
D1401,7031411,2026-09-19
D1401,7031614,2026-09-19
D1401,7032568,2026-09-19
D1401,7032626,2026-09-19
D1401,7033348,2026-09-19
D1401,7034386,2026-09-19
D1401,7034414,2026-09-19
D1401,7034993,2026-09-19
D1401,7035968,2026-09-19
D1401,7036005,2026-09-19
D1401,7043810,2026-09-20
D1401,7052606,2026-09-29
D1401,7052948,2026-09-21
D1401,7052982,2026-09-21
D1401,7056662,2026-09-21
D1401,7056713,2026-09-21
D1401,7057502,2026-09-21
D1401,7058158,2026-09-21
D1401,7059107,2026-09-29
D1401,7059153,2026-09-29
D1401,7060076,2026-09-29
D1401,7060148,2026-09-29
D1401,7060911,2026-09-21
D1401,7063117,2026-09-21
D1401,7063131,2026-09-21
D1401,7063176,2026-09-21
D1401,7063321,2026-09-21
D1401,7063360,2026-09-21
D1401,7063506,2026-09-21
D1401,7063524,2026-09-21
D1401,7063540,2026-09-21
D1401,7063569,2026-09-21
D1401,7066889,2026-09-21
D1401,7067042,2026-09-21
D1401,7070616,2026-09-29
D1401,7071392,2026-09-22
D1401,7071560,2026-09-22
D1401,7071995,2026-09-22
D1401,7072126,2026-09-22
D1401,7090053,2026-09-22
D1401,7091130,2026-09-22
D1401,7095251,2026-09-22
D1401,7096468,2026-09-22
D1401,7098397,2026-09-22
D1401,7099353,2026-09-22
D1401,7100479,2026-09-22
D1401,7100772,2026-09-22
D1401,7102867,2026-09-22
D1401,7102910,2026-09-22
D1401,7102916,2026-09-22
D1401,7104716,2026-09-23
D1401,7105155,2026-09-23
D1401,7107859,2026-09-23
D1401,7110077,2026-09-23
D1401,7111083,2026-09-23
D1401,7112991,2026-09-23
D1401,7113003,2026-09-23
D1401,7113766,2026-09-23
D1401,7114017,2026-09-23
D1401,7115723,2026-09-23
D1401,7116164,2026-09-23
D1401,7126093,2026-09-23
D1401,7132284,2026-09-23
D1401,7133089,2026-09-23
D1401,7133698,2026-09-23
D1401,7135170,2026-09-23
D1401,7135203,2026-09-23
D1401,7135599,2026-09-23
D1401,7137630,2026-09-23
D1401,7137726,2026-09-23
D1401,7148612,2026-09-23
D1401,7148704,2026-09-23
D1401,7148714,2026-09-23
D1401,7148752,2026-09-23
D1401,7148986,2026-09-23
D1401,7150243,2026-09-23
D1401,7151186,2026-09-23
D1401,7151217,2026-09-23
D1401,7151296,2026-09-23
D1401,7151547,2026-09-23
D1401,7152098,2026-09-23
D1401,7152374,2026-09-24
D1401,7152382,2026-09-24
D1401,7154491,2026-09-24
D1401,7154808,2026-09-24
D1401,7155705,2026-09-24
D1401,7155951,2026-09-24
D1401,7158425,2026-09-24
D1401,7162167,2026-09-24
D1401,7162863,2026-09-24
D1401,7163581,2026-09-24
D1401,7163909,2026-09-24
D1401,7164279,2026-09-24
D1401,7164830,2026-09-24
D1401,7165011,2026-09-24
D1401,7165253,2026-09-24
D1401,7165820,2026-09-24
D1401,7166088,2026-09-24
D1401,7167464,2026-09-24
D1401,7167570,2026-09-24
D1401,7167626,2026-09-24
D1401,7167711,2026-09-24
D1401,7167933,2026-09-24
D1401,7168126,2026-09-24
D1401,7168250,2026-09-24
D1401,7168519,2026-09-24
D1401,7169241,2026-09-24
D1401,7169542,2026-09-24
D1401,7345237,2026-09-24
D1401,7345244,2026-09-24
D1401,7346838,2026-09-25
D1401,7347112,2026-09-25
D1401,7347147,2026-09-25
D1401,7347194,2026-09-25
D1401,7347213,2026-09-25
D1401,7347288,2026-09-25
D1401,7347531,2026-09-25
D1401,7347800,2026-09-25
D1401,7347822,2026-09-25
D1401,7348506,2026-09-25
D1401,7351798,2026-09-25
D1401,7352331,2026-09-25
D1401,7352508,2026-09-25
D1401,7353449,2026-09-29
D1401,7353617,2026-09-29
D1401,7354534,2026-09-29
D1401,7356129,2026-09-29
D1401,7356840,2026-09-29
D1401,7363008,2026-09-25
D1401,7380231,2026-09-25
D1401,7384248,2026-09-25
D1401,7385497,2026-09-25
D1401,7385800,2026-09-25
D1401,7385985,2026-09-25
D1401,7386851,2026-09-25
D1401,7386912,2026-09-25
D1401,7389573,2026-09-25
D1401,7392970,2026-09-25
D1401,7393704,2026-09-25
D1401,7393772,2026-09-25
D1401,7393890,2026-09-25
D1401,7394289,2026-09-25
D1401,7394499,2026-09-28
D1401,7395037,2026-09-25
D1401,7395419,2026-09-25
D1401,7396376,2026-09-28
D1401,7396466,2026-09-25
D1401,7398016,2026-09-25
D1401,7400152,2026-09-25
D1401,7401086,2026-09-26
D1401,7402662,2026-09-26
D1401,7403593,2026-09-26
D1401,7403594,2026-09-26
D1401,7403798,2026-09-26
D1401,7404632,2026-09-26
D1401,7405327,2026-09-26
D1401,7405606,2026-09-29
D1401,7406999,2026-09-29
D1401,7420092,2026-09-26
D1401,7420650,2026-09-26
D1401,7420652,2026-09-26
D1401,7423538,2026-09-26
D1401,7424385,2026-09-26
D1401,7427967,2026-09-26
D1401,7428165,2026-09-26
D1401,7428183,2026-09-26
D1401,7428434,2026-09-26
D1401,7428890,2026-09-26
D1401,7429795,2026-09-26
D1401,7429823,2026-09-26
D1401,7430028,2026-09-26
D1401,7430973,2026-09-28
D1401,7431032,2026-09-28
D1401,7431468,2026-09-26
D1401,7435972,2026-09-27
D1401,7437047,2026-09-27
D1401,7449145,2026-09-27
D1401,7450506,2026-09-27
D1401,7454104,2026-09-29
D1401,7454228,2026-09-29
D1401,7456887,2026-09-28
D1401,7456891,2026-09-28
D1401,7461653,2026-09-28
D1401,7461696,2026-09-28
D1401,7462656,2026-09-28
D1401,7462787,2026-09-28
D1401,7462918,2026-09-28
D1401,7463347,2026-09-28
D1401,7463787,2026-09-28
D1401,7464254,2026-09-28
D1401,7464325,2026-09-28
D1401,7464492,2026-09-28
D1401,7464845,2026-09-28
D1401,7465061,2026-09-28
D1401,7467128,2026-09-28
D1401,7467263,2026-09-28
D1401,7470981,2026-09-28
D1401,7471129,2026-09-28
D1401,7471673,2026-09-28
D1401,7471747,2026-09-28
D1401,7471784,2026-09-28
D1401,7472201,2026-09-28
D1401,7472320,2026-09-28
D1401,7472394,2026-09-28
D1401,7472518,2026-09-28
D1401,7473121,2026-09-29
D1401,7473323,2026-09-29
D1401,7474454,2026-09-29
D1401,7474561,2026-09-29
D1401,7474788,2026-09-29
D1401,7474994,2026-09-29
D1401,7475055,2026-09-29
D1401,7475216,2026-09-29
D1401,7475291,2026-09-29
D1401,7475354,2026-09-29
D1401,7475790,2026-09-29
D1401,7476082,2026-09-29
D1401,7476129,2026-09-29
D1401,7476752,2026-09-29
D1401,7476817,2026-09-29
D1401,7477013,2026-09-29
D1401,7477131,2026-09-29
D1401,7477174,2026-09-29
D1401,7477497,2026-09-29
D1401,7477575,2026-09-29
D1401,7477746,2026-09-29
D1401,7477965,2026-09-29
D1401,7478019,2026-09-29
D1401,7478507,2026-09-29
D1401,7479753,2026-09-29
D1401,7489696,2026-09-29
